{
  "inputs": [
    {
      "name": "a",
      "public": false,
      "type": "field"
    },
    {
      "name": "b",
      "public": false,
      "type": "field"
    },
    {
      "name": "pin",
      "public": false,
      "type": "field"
    },
    {
      "name": "birthdayAsUnixTs",
      "public": false,
      "type": "field"
    },
    {
      "name": "pubFactHashA",
      "public": true,
      "type": "field"
    },
    {
      "name": "pubFactHashB",
      "public": true,
      "type": "field"
    },
    {
      "name": "ts",
      "public": true,
      "type": "field"
    },
    {
      "name": "senderAddress",
      "public": true,
      "type": "field"
    }
  ],
  "outputs": [
    {
      "type": "field"
    }
  ]
}